pathogen	tidy_name	taxids	predictor_type	study	location	count	mean	std	min	5%	25%	50%	75%	95%	max
influenza	Influenza A	11320	incidence	johnson	Overall	4000.0	1.409794383923608e-07	1.469630786540046e-06	4.838297032119137e-12	9.733146534647511e-10	7.2136965564883445e-09	1.6805859031567803e-08	4.282802512179757e-08	3.1373017421699876e-07	5.81217556877884e-05
influenza	Influenza A	11320	incidence	johnson	n/a	4000.0	1.7522463910404798e-08	4.490387148878931e-09	3.104246644437975e-09	1.0590571038178166e-08	1.45620835372603e-08	1.731518895365038e-08	2.022690369252104e-08	2.4912590281734313e-08	4.332071195316417e-08
influenza	Influenza B	11520	incidence	johnson	Overall	4000.0	2.988755666544364e-08	6.780637748821958e-07	1.9086244592365727e-14	4.60244014629787e-11	3.043959946131153e-10	9.409696647619758e-10	3.0134501710954414e-09	2.971995251805642e-08	3.1779080664411615e-05
influenza	Influenza B	11520	incidence	johnson	n/a	4000.0	1.066595887815492e-09	1.0263349188161343e-09	2.462216395250232e-12	8.708232933537768e-11	3.7431189286554805e-10	7.823179653877576e-10	1.4329774965008475e-09	2.9046729502752164e-09	1.2301234886991623e-08
